{"videos": {"_type": "video-file", "sha256": "1761192a1c3cbf144b00b8c47bbc6ebd2dcd79e83be2695a5a59aa1a9f98c840", "size": 6113, "path": "media/videos/videos_4_1761192a1c3cbf144b00.mp4"}, "_timestamp": 1699628416.1376152, "_runtime": 1.1657183170318604, "_step": 5, "_wandb": {"runtime": 67}, "global_step": 0}