{"videos": {"_type": "video-file", "sha256": "d84763b6c8c7aa6b6b71058f8eac332fc3f30d3ac86aee6ca18d375caf4af33f", "size": 3594, "path": "media/videos/videos_5_d84763b6c8c7aa6b6b71.mp4"}, "_timestamp": 1699629937.7679777, "_runtime": 15.463825702667236, "_step": 54, "global_step": 24576, "charts/learning_rate": 5.208333277550992e-06, "losses/value_loss": 57.54653549194336, "losses/policy_loss": -2.4138018488883972e-05, "losses/entropy": 0.6134129762649536, "losses/old_approx_kl": -5.94649463891983e-07, "losses/approx_kl": 2.514570951461792e-08, "losses/clipfrac": 0.0, "losses/explained_variance": 0.08898365497589111, "charts/SPS": 1727.0, "_wandb": {"runtime": 14}}