{"videos": {"_type": "video-file", "sha256": "977882a1de2c5acedddae99708d4f77511db8cd3afba38ecea87b7f5f7c90552", "size": 4633, "path": "media/videos/videos_3_977882a1de2c5aceddda.mp4"}, "_timestamp": 1699629382.0432007, "_runtime": 34.567415714263916, "_step": 19, "global_step": 7680, "charts/learning_rate": 0.00017708333325572312, "losses/value_loss": 62.05739974975586, "losses/policy_loss": -0.001981843262910843, "losses/entropy": 0.643095076084137, "losses/old_approx_kl": 0.0009770598262548447, "losses/approx_kl": 1.988513395190239e-05, "losses/clipfrac": 0.0, "losses/explained_variance": 0.025797486305236816, "charts/SPS": 238.0}