{"videos": {"_type": "video-file", "sha256": "144cc1e7408a5b997bf05dba277f73defcea3c918c3db2599eb0f2b27be0704f", "size": 8133, "path": "media/videos/videos_4_144cc1e7408a5b997bf0.mp4"}, "_timestamp": 1699629489.1816206, "_runtime": 18.147735595703125, "_step": 53, "global_step": 24576, "charts/learning_rate": 5.208333277550992e-06, "losses/value_loss": 72.71910095214844, "losses/policy_loss": -4.071742296218872e-05, "losses/entropy": 0.6227681636810303, "losses/old_approx_kl": 1.0980525985360146e-05, "losses/approx_kl": 2.0256265997886658e-08, "losses/clipfrac": 0.0, "losses/explained_variance": 0.07080250978469849, "charts/SPS": 1480.0, "_wandb": {"runtime": 17}}